,cv2,var,m3drop,seurat,deviance,seurat+deviance,monocle3
MRR,0.0012946594422485395,0.025724715525013188,0.01121924929610576,0.0037061610145748118,0.0327841175033169,0.010225169714099955,0.008805233192893754
markers_found,10.0,146.0,177.0,152.0,120.0,156.0,181.0
computation_time,0.10979199999999997,0.082443,4.38,1.671954,3.5760000000000005,5.248912,53.571400000000004
seurat_ARI,0.4434461528969075,0.6654783807530021,0.9194741994697766,0.7447321625336553,0.6610352621122748,0.6664769709678491,0.688493197746977
sc3_ARI,0.2929119014996247,0.9305902381322196,0.8814577487130464,0.7680616414135983,0.9202616326235475,0.9234450815016719,0.9326983915251421
cidr_ARI,0.07642925649872878,0.6007035412623358,0.5802784776069159,0.3631549663638144,0.6326898028381379,0.7305764044340121,0.6541575137034609
