,rf,lgb,xgb,seurat,var,cv2,nsc,fisher_score,scGeneFit,cellassign,m3drop,deviance,rf+fisher_score,monocle3
MRR,0.0225806655674884,0.02979075405301127,0.02276035154431024,0.004193779449627176,0.028504073031496907,0.0016481894725727645,0.020431876368822093,0.030308070795099916,0.005088504226310199,0.0,0.009994075571655252,0.03294572884046072,0.028509124349625086,0.012952836903580362
markers_found,159.0,113.6,80.2,133.8,131.4,8.6,138.2,71.6,15.8,139.4,159.0,119.6,133.2,171.2
computation_time,0.0,0.0,0.0,0.0,0.0,0.0,0.0,0.0,1299548894.403312,0.0,0.0,0.0,0.0,0.0
singlecellnet_F1,0.9743100592583277,0.9729246284150467,0.9762277688657328,0.9672390267605167,0.9729138314469751,0.6840388488641553,0.9724311597350358,0.9714593337434607,0.1936132673442299,0.9738018953410947,0.9710065249261106,0.9738414780068165,0.9743113359409179,0.9738372171041071
singleR_F1,0.9721519673960921,0.9731499071713273,0.9680181657920846,0.9605518874026749,0.969837801988124,0.6242124532707702,0.9712796635927645,0.9508379216552646,0.19342108275078757,0.9724716275362922,0.9698043651283955,0.9707989233339678,0.9726229644011092,0.9710896734858482
itclust_F1,0.9077837067021699,0.9054101865446039,0.9229310939323885,0.9319800065687003,0.9063870765023305,0.6673390581115666,0.9246708671695447,0.9083369967964604,0.17861994240355944,0.8918275228735879,0.9376740418022482,0.9077230923583798,0.9433575810764705,0.9243661037598901
