,rf,lgb,xgb,seurat,var,cv2,nsc,fisher_score,scGeneFit,cellassign,m3drop,deviance,rf+fisher_score,monocle3
MRR,0.036548758655693674,0.05722677213356708,0.0901311268289067,0.0579203315840066,0.044848471855973765,0.004914825857408942,0.021376947732771538,0.0339889864087554,0.012742050053412526,0.0,0.021360035373108415,0.04644916823269792,0.03807398408863932,0.024387393350415267
markers_found,92.8,41.8,26.8,42.2,59.2,7.8,48.2,88.4,21.8,122.8,57.8,56.8,97.4,70.6
computation_time,0.0,0.0,0.0,0.0,0.0,0.0,0.0,0.0,974424301.108626,0.0,0.0,0.0,0.0,0.0
singlecellnet_F1,0.9958975197074824,0.9958952404876882,0.993539442327062,0.9952884737355756,0.996582267525828,0.656801109387833,0.9939040870731255,0.9938030666639669,0.4,0.9958622030055764,0.9959030426766942,0.996582267525828,0.9938030666639669,0.996582267525828
singleR_F1,0.9910404499191721,0.9973400176721231,0.948659979727978,0.9926708906911041,0.9986399335776387,0.2722194585272324,0.9939692242421178,0.9917231034021476,0.39865828605427805,0.9910384555417435,0.9979618445713193,0.9979829776897313,0.9903524052890704,0.9959329338181405
itclust_F1,0.9966439437821215,0.9853481559050753,0.9639717597043133,0.9966584401540233,0.9862878076762855,0.6045044325279582,0.9847726991333385,0.9966493292739041,0.3954096454861549,0.9972845532599184,0.9819103841001704,0.9896598359745802,0.9966212006949204,0.9903147883699195
singlecellnet_F1_rare,0.9671826625386997,0.9671826625386997,0.8938854489164088,0.9882352941176471,0.9777089783281735,0.34762414056531704,0.9386112339672712,0.9344341245270039,0.4,0.9449604403164775,0.9566563467492261,0.9777089783281735,0.9344341245270039,0.9777089783281735
singleR_F1_rare,0.9211988304093568,0.9894736842105264,0.8903151598803772,0.9618181818181817,0.9882352941176471,0.039999999999999994,0.9481851688043639,0.9211988304093568,0.4,0.9211988304093568,0.9882352941176471,0.9787114845938376,0.9211988304093568,0.9681851688043638
itclust_F1_rare,0.9904761904761905,0.8197767145135566,0.6817562300399829,1.0,0.8377443609022557,0.35333333333333333,0.815024154589372,0.9694736842105263,0.3619047619047619,0.9789473684210528,0.8220133667502088,0.9259629465821415,0.9789473684210528,0.9211988304093568
