,cv2,var,m3drop,seurat,deviance,seurat+deviance,monocle3
MRR,0.0014296108270283308,0.036696632825497975,0.020490340507416542,0.017551811597526067,0.03127218240490084,0.02105360333543186,0.0169694500726896
markers_found,2.0,101.0,153.0,110.0,126.0,116.0,125.0
computation_time,0.15854400000000002,0.125328,6.8616,2.359624,4.904400000000001,7.487318999999999,141.919
seurat_ARI,0.12225864820449558,0.4302477698074738,0.6593609101813811,0.6964688262830431,0.435383227450466,0.6960708685331768,0.5275992520074191
sc3_ARI,0.037543422235692084,0.7688360286912289,0.7412926588327611,0.6918351569519225,0.7369809022083185,0.8071467887260194,0.7193452736078407
